filename,mean_ndvi,mean_ndre,predicted_class,confidence
Image_001.jpg,0.3690747916698456,0.11622617393732071,stressed,0.6502934098243713
Image_002.jpg,0.18577125668525696,0.0755455270409584,stressed,0.9775346517562866
Image_003.jpg,0.23972803354263306,0.07654406875371933,stressed,0.9872421026229858
Image_004.jpg,0.2462209165096283,0.07825208455324173,stressed,0.5770291686058044
Image_005.jpg,0.2781836688518524,0.08216466009616852,stressed,0.8006715774536133
Image_006.jpg,0.26752302050590515,0.07946474105119705,stressed,0.8363670110702515
Image_007.jpg,0.2578466832637787,0.11268049478530884,stressed,0.5259118676185608
Image_008.jpg,0.060272786766290665,0.0675545334815979,stressed,0.9863798022270203
Image_009.jpg,0.13186600804328918,0.07013168931007385,stressed,0.9838249683380127
Image_010.jpg,0.17053630948066711,0.07443706691265106,stressed,0.9007779359817505
Image_011.jpg,0.20294219255447388,0.07568679004907608,stressed,0.9645119309425354
Image_012.jpg,0.2290707230567932,0.07649164646863937,stressed,0.9666227102279663
Image_013.jpg,0.2346707582473755,0.11154019087553024,stressed,0.8880898356437683
Image_014.jpg,0.055969566106796265,0.06890665739774704,stressed,0.9549461603164673
Image_015.jpg,0.13418440520763397,0.07410377264022827,stressed,0.9975464940071106
Image_016.jpg,0.17801068723201752,0.07828988879919052,stressed,0.8625616431236267
Image_017.jpg,0.2157369703054428,0.08223100751638412,stressed,0.940759539604187
Image_018.jpg,0.23854351043701172,0.0812942311167717,stressed,0.9751020669937134
Image_019.jpg,0.15845920145511627,0.1137000098824501,stressed,0.9434882998466492
Image_020.jpg,0.01775551401078701,0.07134643197059631,stressed,0.9879234433174133
Image_021.jpg,0.07420075684785843,0.07724146544933319,stressed,0.9399297833442688
Image_022.jpg,0.15777447819709778,0.08616403490304947,stressed,0.7169356346130371
Image_023.jpg,0.1730961799621582,0.08217288553714752,stressed,0.7344695925712585
Image_024.jpg,0.18386155366897583,0.08224388211965561,healthy,0.5365773439407349
Image_025.jpg,0.13544633984565735,0.12258931249380112,stressed,0.9887969493865967
Image_026.jpg,0.028773758560419083,0.08319518715143204,stressed,0.9949482679367065
Image_027.jpg,0.08813805878162384,0.08806806802749634,stressed,0.9868685007095337
Image_028.jpg,0.19382977485656738,0.09611242264509201,stressed,0.8441988229751587
Image_029.jpg,0.19440950453281403,0.09723599255084991,stressed,0.6881621479988098
Image_030.jpg,0.20814089477062225,0.09394153952598572,stressed,0.9526011943817139
Image_031.jpg,0.1744045913219452,0.06996262073516846,stressed,0.9894487857818604
Image_032.jpg,0.22193299233913422,0.0722682923078537,stressed,0.9389263987541199
Image_033.jpg,0.1764824390411377,0.07633502781391144,stressed,0.6495599150657654
Image_034.jpg,0.16950204968452454,0.07176374644041061,stressed,0.906923234462738
Image_035.jpg,0.19995853304862976,0.0710957795381546,stressed,0.94676673412323
Image_036.jpg,0.16910861432552338,0.07236375659704208,stressed,0.9903438091278076
Image_037.jpg,0.0647663101553917,0.06853527575731277,stressed,0.9818907380104065
Image_038.jpg,0.1608680933713913,0.07225120812654495,stressed,0.978432297706604
Image_039.jpg,0.1608680933713913,0.07225120812654495,stressed,0.978432297706604
Image_040.jpg,0.1802421361207962,0.07246170938014984,stressed,0.9787703156471252
Image_041.jpg,0.15259172022342682,0.130934476852417,stressed,0.9414716958999634
Image_042.jpg,0.3447881042957306,0.1113775223493576,stressed,0.7708461284637451
Image_043.jpg,0.0432218573987484,0.08708629012107849,stressed,0.9949249029159546
Image_044.jpg,0.14152124524116516,0.07096239924430847,stressed,0.996468186378479
Image_045.jpg,0.18284094333648682,0.10014048963785172,stressed,0.9845346212387085
Image_046.jpg,0.20573095977306366,0.07670827209949493,stressed,0.761208713054657
Image_047.jpg,0.1829114556312561,0.10307519882917404,stressed,0.7121068835258484
Image_048.jpg,0.24246911704540253,0.07995583117008209,stressed,0.9424959421157837
Image_049.jpg,0.2940584123134613,0.13758017122745514,stressed,0.5871649980545044
Image_050.jpg,0.2412044107913971,0.07755551487207413,stressed,0.9776779413223267
Image_051.jpg,0.3066903054714203,0.1376236081123352,stressed,0.8138129115104675
Image_052.jpg,0.03611412271857262,0.08562079817056656,stressed,0.9871730804443359
Image_053.jpg,0.2983160614967346,0.11424097418785095,healthy,0.5373782515525818
Image_054.jpg,0.0011109086917713284,0.06967370212078094,stressed,0.9951701760292053
Image_055.jpg,0.3454781174659729,0.11341889202594757,stressed,0.5654546022415161
Image_056.jpg,0.06700628250837326,0.07341460138559341,stressed,0.9960915446281433
Image_057.jpg,0.3485371768474579,0.10812583565711975,stressed,0.8437313437461853
Image_058.jpg,0.05359320715069771,0.06851830333471298,stressed,0.9762870669364929
Image_059.jpg,0.3716057240962982,0.110384002327919,stressed,0.5471394658088684
Image_060.jpg,0.14486664533615112,0.07193687558174133,stressed,0.9853894114494324
